{"cameraMode":{"drawMode":0,"name":"Shaded","section":"Shading Mode"},"sceneLighting":false,"audioPlay":false,"sceneViewState":{"showFog":true,"showMaterialUpdate":false,"showSkybox":false,"showFlares":true,"showImageEffects":true,"showParticleSystems":true},"in2DMode":false,"pivot":{"x":16.169849395751954,"y":1.9020068645477296,"z":-34.22471237182617},"rotation":{"x":0.00031494867289438844,"y":0.9994949698448181,"z":0.029993848875164987,"w":-0.010494977235794068},"size":3.2238855361938478,"orthographic":false}