{"cameraMode":{"drawMode":0,"name":"Shaded","section":"Shading Mode"},"sceneLighting":true,"audioPlay":false,"sceneViewState":{"showFog":true,"showMaterialUpdate":false,"showSkybox":true,"showFlares":true,"showImageEffects":true,"showParticleSystems":true},"in2DMode":false,"pivot":{"x":-137.58016967773438,"y":-18.63284683227539,"z":-25.72848129272461},"rotation":{"x":-0.04955488443374634,"y":0.696902871131897,"z":-0.0483810119330883,"w":-0.7138137817382813},"size":163.3809814453125,"orthographic":false}